id,username,password
33880782,rothmarcus,^8veQVzX5S
62290515,ymoore,Ak9!LBBlL^
60919895,harriskimberly,4s8KijI$)X
34913899,lgillespie,Y3%HIZmT#7
64817371,tracy52,(qKPCI%H4h
70923520,fthompson,xmX3nYIz$5
96190721,ebenton,t5V%8hBtoR
29131110,soneill,$Mv4CQhHC%
38865148,vcalhoun,k5g(^UKT_n
69317497,vnelson,OdWPE4Jc^4
60270851,dereksanchez,*5Hd+5vjhc
52730953,krodriguez,SJ#K4JVt+#
26850440,rmorales,+oPW0neQe8
61093787,markgray,8J02B51t)I
35803753,laura60,!_NOBIlyz7
30974020,zcardenas,8D4Py_h0%a
36515376,sara25,4S+7G7Hu&d
30190160,kara85,n!85lNLu)6
41684536,waltonmelanie,%R3LOu753)
97852958,kenneth22,Q5cF9iVq(U
35293324,martindeborah,_5Raqblh^1
32030890,ooliver,^oWiCyhX30
82016722,welchdesiree,sDV)TsnH^4
39571283,davidstanton,@A$y2mHja6
45926722,yhuber,)h*1AiLWLn
96141054,morganjonathan,q*H2^ZaI(4
58332449,eric26,YKh8@*onV!
86474461,ashleykim,#!2U+yMb(a
43819648,cford,QNFEF3sgE_
17823908,sbrown,&!Nxp2TiW0
91335033,smithchad,pP03#Dzi7+
43427471,tweeks,P!4)Y5oXXz
15391648,travisjones,d88vIDxIw@
10274530,michaelmalone,2*x4MwEI$W
51783666,meyersamantha,_a^KOuGsE0
25306948,scox,_mIS7WuR7E
26120403,watersrobert,0BIJCF@o$j
52072572,rachel53,EF)n4Ts+AC
46854405,ojohnson,GSFu_fgT(3
85022671,dawn80,y4IJ!HWj!%
38781853,pamelamills,+rIgF*rrp3
64435534,eroberts,S+A2OmjBve
53588685,oliviawalters,WV9A#%SaE@
64458332,qbrooks,*8HwxRx*qy
99002760,mduarte,_&xVxSP^26
62543526,ugreer,_T1mOKNa$+
64769554,mcaldwell,@)25Cy6&2n
42965686,alexander10,(q(8TinJXw
74778992,jramsey,Qkh5Rt3bP$
60278466,dking,2dyQ1E2JT)
19198920,edwin83,o)8Fjb6&Tu
15544057,nelsoncaitlin,mLlK1b4o*^
53869255,melissatucker,99vHHr2L@0
22051050,twoods,Bv8WZ)ciT^
40031464,lawrencerenee,^f6KhHxgN&
40669388,hartnicole,#n1W!y&JT6
38877200,vjackson,dMY5hPuJ&0
10421026,acampbell,+^Js%Og%n7
35455613,benjaminreyes,R1TmNPjk&*
64521007,cherylallen,!_(38Xbk0s
41350605,mariawalsh,!z7AvGPk)R
97117291,daltondaniel,H%^4ZMRg70
41800607,julie02,a*z_v6Ckr6
86072483,woodleah,5T@ctYJ3$u
20153252,wcoleman,*2teR4jwG1
67001442,ortizjessica,$wKmJ#&_1V
29887776,kyle29,JTQ%OGyo)4
45775568,sanderskenneth,#27w6WSK)b
93873193,arnoldpaul,t%JBr1Rduu
52113521,katherineburton,5VIHm3Hn^9
25763310,jason79,_P!2NGv1Ba
93918501,julia38,(l6AKrCsq3
20910911,olivia89,e8*$Kby4^+
14750733,lauravance,h0+3^UBkT%
18739544,njohnson,DF)0PDiT$H
28685728,kennethbrown,kU0fAkVIJ(
23293073,carriegutierrez,+4yWOgH4Wy
78944401,zjackson,H%8tA9ErPP
52186297,jasmine79,o4IdffKl^e
51695959,hhoward,%&vQt9Pv+5
60643615,thayes,6+08Eu1vlo
10812428,jmoss,U9)4)6Nw)K
20838364,matthew84,(!M^yDiv9W
78176426,martinezdestiny,t+w4G0AK+3
39066459,alexander62,W%7H$hs!$I
92213361,andreasmith,hbeAv4FRB%
57141530,jesus26,%x7ozSee1d
76865281,chelseapham,%61lHS$JjS
66681441,cherylmurray,$%2ABj6L(_
62195425,tonyadavenport,4UJQl8mk+7
29624746,ghoward,a6hK_Cbz$i
96212991,rodgerstimothy,*0rFXJgD9!
60390273,esmith,IG@WpQwx*1
28229004,smitherin,(hW5IhPhov
43395183,robinsonjennifer,^d2XUrzvf6
50298774,dustinroberts,P8pc1cTm$3
12643673,lauren67,_3F@DESbCD
26613561,mmunoz,G+Q9P3hxg_
82196558,smithbrandon,q5NZC$vF_g
32850203,jake22,+6pEiOOu@w
50769211,james26,0F5No9Cm(B
54758948,parkrachel,t%9Fmdzg1&
37424286,aaronmccann,oEWj2zcp%1
85496770,joe13,M_0CYvKAQg
35845679,plopez,JM%75UCi&a
94479280,edward89,&zm)oG5v&8
39596632,mariajohnson,6M8EppBo(N
11785366,thomasdelgado,Q*6Se3wgWb
97754846,msims,@clHkBbeZ4
68916705,scole,P(%9N0gg24
61728212,olee,%*0WQtDn)+
87616240,wilsonbenjamin,AosLRSh*$4
65788013,ltyler,^pM+l!wG1P
46440587,johnstone,hu&$9T*kWR
69629233,cookkathleen,7KMosaSY&G
45906613,brianmeyer,+#5GJLfAfk
25661993,ryansmall,)_eBQ*Rt!8
92363111,sgutierrez,q6&E2$3x)R
46206603,zhuffman,l$*m6HdBUi
81923982,asmith,V&4nAT8dQc
17283278,ofernandez,@zscSD5z&8
13140738,ayalajason,O&DR2dNqKg
19217321,johnstuart,8)*(1!Nvjd
86009423,cphelps,Ok9V(cRt(f
21106671,clarsen,w6XOEh_U%2
19312665,krodriguez,ls^jHt1l+6
19266537,travis95,)ZoYQVmnk8
14575397,dakota04,_6icTvf@9F
36216998,brittanyzimmerman,*6@ZpUuxs4
61106414,chantyler,_sXC3jv&M8
98792259,higginsbradley,!H0RTMZxQ1
63662143,karen01,RSu#Yoyi*4
16981567,mjensen,9!48YgC1+r
62374836,dayvalerie,+0NF)6JbiN
73731757,mccoyholly,!q@DJOVZ84
45114912,russellrobert,9J7WTsKa^8
42136727,turnerbrittany,)FWRe+IJ8D
67353705,john88,@9&ABn76uS
21413287,ryan65,cKT9&YQma^
96871401,evansfred,q%^cp9fiwQ
50334564,ytaylor,Ec1UkSzz(%
27767927,brittany29,OoEX7Qt7U%
71966714,brandilane,^IqWLw&pf3
23833198,hessstephanie,9@#7MomjZ#
27365655,harrisvanessa,WZ7TvRk7&4
17506242,amymcmillan,7gHZ+djH%6
17828905,jasonboyd,uu9WUDazM)
10426303,kennethcopeland,kJ4Un3vax)
38213028,thoward,cYB$the*&4
66333211,cameronmichael,8cLk52MF#r
32170461,robert97,TrH7Iu3T%1
10186204,caseyantonio,!IvZzCEaI5
94009534,sheilaforbes,#8)0tQEngQ
81537133,christinaschroeder,#)BUmqs53Z
30340639,beckmatthew,_*8eEpTgz6
32612196,debbie61,v0RkO@Dc#B
96673944,amygardner,I7k27Fsu^q
88810097,gregorycamacho,v_hB4HOflD
34445644,olsonteresa,_7k7L7C6@v
59765774,rodneyward,i+1#Ky*iL_
21207026,maryclay,!N6eTMqxz*
79967398,william53,47wM5Jgt)*
64399781,vturner,%mRQ2@Lqa3
19650111,nicolemurphy,u!m1nlGn@&
38352405,kaylamalone,X0)$OjRS(c
75411316,vandrews,ii&YhR!r%6
40514678,jonesrebecca,_a*3T4jsmb
17322679,martha06,b49nJMq&U(
88478705,marybarton,&7L!*@ml^7
89098334,operez,%kC2Cdm@c0
43257529,turnerwayne,s_GcSvr!#0
15919113,xperkins,681%F0fW_#
43781682,pwilson,$f)5NikKT3
47649575,hmacias,NX&6dNlQ&0
53677149,robertnoble,uGZ)V!V)(7
38316160,hansenmichael,#13R17ibQ)
74996171,cookeandrew,8lPxFmf8%g
47773870,sheilabrown,tPI3ZoP@_7
91732524,emckinney,j*9FoaKZzU
45856014,cynthia61,MQQ(5@Axb*
43162649,shellyellis,$^1N%IeK7^
86702440,carlasantos,O+11KwfJO*
23698298,martineztracy,kpi5UxN_(1
52499964,cunninghamkenneth,*N#X5jdn3y
95708366,pamela92,xvKFaGc%)9
35990240,tammycoleman,)0RYC7SHv4
32627107,michaelguerrero,B8D8izVl$Y
13304680,vwhite,Ood)1Yzwch
96221564,bobby94,!Dbp)0Uytz
79549944,nortonkimberly,#%4rxEkJcu
44846387,jamie24,w(0YdLSx3M
20575630,vwatkins,D*6V8bL7fc
25779099,joshuacampbell,w&UOyxg2$7
55521820,george03,Kls^6Oc7Xg
96929073,jacksonkevin,he8VP3nkA+
12809647,angelasummers,&1BGBjbs6)
40348350,grossdaniel,+0X1hsNnj#
74939552,qnorman,7J68dmrs*9
99862207,ramirezwhitney,8pW5gEnu*Q
48790815,whitecheryl,99DDi3Lt+5
31567666,sshaw,j()OH#t^#1
96705653,matthewwilliams,Lh_8Bzdk#8
35720860,anthonyhines,^0m$zSbE!^
65806266,nancyeverett,)7qh4#OrGj
73269374,pdyer,64+tI7iw%I
72775109,alexandra53,Ng5TT5ybC_
23674232,martinadam,%*1W6LmBn#
35737615,vanessabrown,$1RDf6K3A^
24278010,shanegreen,Wg*&7BfRtm
93975502,alicia09,m!YU1R!hQA
54245113,nelsonnatalie,!(E17XkSJ*
11902354,maxwell84,t34QrD&4$b
77244693,delgadokatie,Gw2wAwQ4+H
28258413,david80,w30YGNew)m
29107316,hunterjodi,&h7PBuJU5X
60117911,christophercastillo,%6I9Lfxl_%
59200912,hamptonscott,Mx30K(pN!%
60653078,frederick21,(C4WnobLuW
65977079,andrew81,)7N(hqK&AZ
97775306,sydney93,)$s4A88wf5
90259687,efrank,$tB2sBSrp+
15121411,tara09,(0qvQXqbkI
22913497,phuang,b6RH(6bB^O
95796342,watsonjillian,mU%04ZNkv_
61641278,lori59,nxW6spYCl(
75669776,brandon19,%5g463DfzW
21920291,wilsonerin,$VFW5O*on9
45930939,lopeznathan,$A84AQjq9r
72337166,bryan53,O&C!7GgpZV
35435445,eschultz,gY5TRRxK)k
41011441,garysmith,*8H#gCEiMO
17401087,garrettalexander,Xk8$M9Ur(%
16676007,smithlori,2nDyQH%O_b
17199055,andersondanny,R)701UEh*0
10334464,michaelbrown,6&OAEHmw)j
67912590,corypaul,c##^33NxEK
72400308,frodriguez,$y6f*RPo)4
49376318,briannielsen,s4Isx@CG^U
16841758,gfleming,z05WLti$)8
40278462,carlospowell,Ha87Rngj#1
14094601,denisedavis,6sYG4WS5^V
11221156,williampatel,yk10DXYv*Y
68355251,nduncan,J$37FTnlxo
84566383,kevin60,+i9Lu@+0d@
43393219,rachel59,t_2Oj$bp!2
26581365,nsimmons,R#n8V8qNv0
24049069,ttaylor,f$26HLtsoE
19816540,cassandra67,#bc48FOgkQ
37082118,qortega,@2Y_VfeP3u
29816188,rmiller,Yz1TkF*x)w
45006757,cranejoseph,NN0P@#oh&$
12850265,mendezcarrie,Lg24J4*mm#
84835187,branchpaul,$06gqmUg1C
96578479,andreasmith,Q_0uJgeg()
83513254,acarter,VsWrS^1D+7
31323560,quinnjennifer,@v+FmgP51p
61658044,bmoore,xM&9NzlvF_
58431287,brett86,^6A$@R8$Wp
87621072,margaret80,%IZIeU5T36
72304948,stantontammy,YFS5WYUt2!
98439815,ogarcia,J259KEbv$s
21002106,carolreed,XxDINy#0+4
22654806,manningbrent,$ggHZ*uL^2
20795873,taylorandrew,xaT9lDHrW%
20936347,michaelharris,A*J1)TRv@j
73381972,kellykathryn,zt@+fWB@*6
45306115,jreilly,X2DDFolL&I
53210201,smathis,$5QgFggoi0
10479154,vernonhamilton,9*4EpWDpfS
12427210,stephanie27,Ot22%KZIe&
13374118,welchjason,nZF7EXt9@Z
47573342,robertperez,oW2FPHSh#m
19387083,abigail84,%I+V!uWgq7
19621104,lauralopez,s&2OCoLp^T
38826387,juan99,+0u5JYRbPq
44788069,gregorysmith,(wnsXBWo3T
96801420,jennifer78,b(+3j0Gw!$
49586508,kimberly19,(KC8PrETG_
65610970,allisonjoshua,E(7YIYJys#
29466394,adam23,LgIsD1A!b(
31789477,james85,R8Zw4Dz5M&
84318425,youngrobert,!_Ywljs&(5
58192884,bwhite,F0#QVXsa$I
79793886,brian86,2S5VO6oud%
20590175,jenniferjones,rQ1CCfX*(4
78363676,sanchezkayla,Jq62JOP$$!
99784889,moniquetrevino,%0G06Evk72
85367254,powellmichael,_K&MsBJX01
46490865,erin95,%_2fP(@kMO
92893165,nking,$_J0FbAu*T
75216622,dustin76,0%6OH&e3^@
64452056,angela50,!b0DxSkaO6
22581882,tturner,%VI1%(s)5L
53483134,laurensilva,@0CR^au0#z
82151455,plee,_STuFET(x3
69015522,markgreer,@26VxT0TYs
56251282,amandagill,(4c$bLtR_t
99936942,rochajose,u4GbznAr(e
56932535,padillasophia,BR!8QKCeLq
31282760,karen54,%1wnTToWs3
78463127,dennis44,^J)p9FaF8!
37573188,cterrell,5a@7PWMl%G
44813535,itaylor,LI46RlboQ%
71434591,iharris,+xX+g!Vwr5
53867118,dwalker,ja7cBBgm(U
87284042,pharrison,$m3FKn7hnR
28686274,zwatson,As1ThgzR4$
79902242,dherrera,Kvo9U7SeT$
82280599,ashley55,*YwSait&k9
57689937,linda58,*5EDRkVeUc
43402585,thayes,w!85Enw$y+
31782382,denniswilliams,4mSi4IoY#6
32892838,charles16,+fORpsrN83
73547703,rwilson,O!c7YIxlks
67219574,fwillis,3j*5hFg+(R
32821243,fpruitt,Ya!ap7Es%m
39804509,weaverchristopher,sgm$Nnkd_3
81962371,hopkinselizabeth,*SbZQJs26B
71251204,mmason,04Ipqqke(j
32733089,caroldunlap,k2K1jJcwJ%
42057959,kurt93,Xu(64Ma%f)
39700955,hendersoncatherine,Ie7bCiC4+_
64582881,sandovalmartha,#Od3FOapqk
74434011,andrewchristensen,x+x52zWsl6
13209926,masseydanielle,84IviXsl$u
95276363,oweber,@p(5MwTBJ2
87141704,whiteroberta,pD11XTvk!u
15976372,ronnie39,*4oAsD)zMA
96148635,riversrachel,&X0kNzwjG*
81501122,shawn44,@3iXJNnxn^
10966691,williamsmelissa,dF9MUmrx!t
74178088,kthomas,_RRjQyu+08
39236231,hudsonnatalie,#0NZ$*el)6
71510904,sarahallen,@CAn7GhyF*
52635364,mgalloway,N*_0LrRm*Z
68956299,jchen,*fnUzkzcm5
26511415,floydrobert,((5zKsMamo
18697054,kevinbrown,!S3iO%xj5W
20909238,jasonjimenez,I9gLcLn1#u
40055354,guzmanhenry,k7BYglzi^S
66481996,kstokes,aLv8bFa+Y^
33049848,summerspaula,s14FxP02k_
52465742,edward85,&8WAa#3z#q
81849066,carlosjohnson,lM4kOg9c!o
43202331,richard86,h4I4(gPG^2
94814387,nicholasrodriguez,+tyWFsr*X1
33414781,tonyalambert,1Ii*QCqC%v
48497071,hillronald,+pP3CdRf@g
31517841,heathercarrillo,vc0P^QNz)T
55522355,carolbrown,#@oJHlxWX9
48585478,hjohnson,5hUZ2SD7+n
42736846,rboyd,wd(5Us_N)!
84920444,robertsamber,jz2*ZTka$i
22038312,tbriggs,3@h4u5Hpnz
91436380,lbartlett,51*U0Lrg!1
12831169,kathleen21,22wI93At&C
56940670,nicholas28,+_p9IZhw8q
39749508,mollytran,$7Lxfsdw$y
50211009,megan14,!3Mxzjeqh6
20309997,brandonharris,9N+3%A%bO#
53658440,ryan76,)q&2ZSa**U
58259475,lucerojacob,&SOrxt9cx1
93552031,kristinsaunders,zrhc$6Wf&u
53080394,robyn69,Lq5XFlOzr!
85653047,davisvanessa,#7wJMft1zu
72116658,daniel39,sHYWzgf#)5
71082276,christopherwest,TT2Z4+Ne#k
90630937,johnlee,513^8UQkwO
84298320,brayjessica,n&Ai2ROkyp
14205129,michael57,EY_2lOmF3)
19454116,cookmichael,11zs9Sui$)
24973750,tbrady,*v0P(LWcoP
88831247,cassandrakelley,w(X0mYDl%r
65711517,kimberly85,!0nGvy68C&
16143475,isaacfranco,yvv2gDP9#+
63284361,anthony65,M*h0_Utim%
68632506,zachary05,3iNDLn@T+5
55135276,cooperpamela,8#97Fcgdgz
15789502,parrishjohn,gvRblHt7*8
21532215,arroyojennifer,B%!0I(npOr
92530628,xlong,*)0LXz5HuQ
14259690,cmcgee,MbGDYic2&6
35395064,pjones,XX%tVjxn%1
72118546,jose68,_0kDj&wy06
25321864,gregoryblack,*9IAcFb0!h
49172244,cochranveronica,#alUz4Ko8t
65947271,imorales,3+03I1Btnr
55081035,brianfox,DUHC*16y+7
47447175,william99,_$7JFhsnRr
25641315,chelsea59,2vA3VHsIe$
26104431,carrie88,944we)Crt^
11452391,dannyrodriguez,S(E^B_kv+9
83897209,andersonashley,(6P0ZIkm7@
23740052,zrodgers,yvBd&ik4^8
51051136,caitlinespinoza,FGxISq+n%1
98309602,christensenkaren,)vOb#RR&t8
93162474,igreer,3^+H0PrOU7
18436381,peter48,1f7*Tz2Q^V
44235134,pricedaniel,k&3If%NeVo
84743584,walkerdonald,TPogl#z3$0
15070381,silvalance,_E%0KAbv8A
89996987,lesliewalker,+SX)3M1wWq
12642132,amanda36,Y*@4QmJr67
27963624,lauren63,G#9dPLpv5S
44183924,kristyadams,G+G9Q5ElKm
65885503,vbarnes,1$L$1FebSN
97387977,linalison,_u^Oxo#b1c
89745086,sanchezwilliam,!9!3O(Nf_K
46001254,susanmurphy,@qNoCFf(s9
92751693,cindymcdowell,)2gc$Xrvlq
22210381,heathertrujillo,_W15WIj5o2
28320405,powelltheresa,83iUS6+u)2
40350305,lindseyrice,f@7S9I+hMF
93432040,hmartin,a33REmFh^5
22634209,pamela09,%mITQeMb7*
67116414,johntorres,BI_1IoTub^
91114816,kross,*h7ViguxYT
77391873,lisa13,!!&3RRyOm+
80697794,flloyd,WR0DFluR(*
78508290,david12,J6iM8)Ei%1
53407186,powersronald,sR2IPwVn@1
64885627,cordovatiffany,nV9dyTwX*n
10731915,ivankramer,$$3Ri5^G45
92950250,rogerrice,3@0L08GfE!
51847718,james91,3OIFKrXj)_
64185186,bking,jJd_Ux@6+0
47460784,brittany84,J59J(mXW@k
28418097,kelly31,)jd_3PcCiK
82857835,schmidtmarcia,f@tQR^qY&1
82981112,znolan,FjFH^8TozX
28746523,jeremy90,_0QHk@(n*4
87991927,webbpatricia,_)3Zc&3ni@
46272437,swilliams,&x5WKmhUIP
49239172,jamesdouglas,+TKNhwJY5O
96167465,olivia25,*Wf3Mx32mc
93024935,ortizsharon,igYJcpQU_5
58265248,mark83,b7*8R%w&b9
79140046,qchen,#gTTGgjxh0
29219528,victoria26,(Ns4XWbuq*
76088164,mitchellmelissa,@)h+UeeW6v
70917982,qmathews,L(7CKToj)y
48912198,kelseymoreno,_(ZcMannK5
45070050,catherineharvey,aa5UP@Wcs#
47665269,hartnathan,enGp4*Cd!5
74392464,vaughanjames,!mnLkKrT83
33326937,czavala,ZEXj1pw6!1
15164983,nicoleenglish,69GJCpUv^g
53850734,todd35,dOXStvsb*0
79431013,vwilson,q9jdJmK#^A
82169324,tortiz,iv&)J1Zl!J
81234303,zavalajuan,DC$5!AnCHj
95927100,deborah13,7v63xXTsZ!
51301928,wallacemelanie,*9Zdk+XC57
73742754,bsharp,%@ST(0Hx^$
94385352,ffranklin,ns5CeshZ_o
27368710,maria71,l&z6ygRCeh
77713313,andrew68,#JIMLcHQ5Z
35547483,fitzpatrickcharles,eW_Pf0Fks^
54345183,elizabeth80,&1s2NTylp%
68319098,bradleyshort,F#1!Y%csZA
53948943,mary75,_3a96T$m8C
22637972,dlee,+t7F6$axUc
44764428,harry21,&kE#o^&m4W
11709176,gmacias,H4qEcHDZ^C
52157513,stephen28,4%)0JvSR3v
84948182,johnwall,ex0Fb5nk_7
78007562,kristaanderson,ME3M9xyP&0
39110928,mross,!H4DYylY!F
12693494,billybranch,2&g5KBb)B!
58227627,connerjoseph,7N*OLrv@!J
49038944,joelhodge,(LIO^Tej36
22492238,zachary42,5+4WmPYoO*
88391375,jdunlap,XI%0nzTz!a
62882678,jennifer65,$kcSEUeO0C
22174090,alexandra67,)9VJsn6n3X
32302901,erica71,V3PZYoBg^x
18358138,thayes,&$7U$wCQy_
52105207,damon15,_eAbFW^z99
81167168,kthompson,M+87FPMme9
38955092,fisherjoshua,W3Y+TrYd!l
88592228,kevinmcdonald,%c5_ctGLi+
87566564,reedautumn,d$(5Ju!c^X
67495007,mhughes,j5g*1Uqh@u
60592377,ericrogers,X^4Lz8tt!1
64995510,julie20,+K41MVid4M
20760317,dlewis,$fYJ+9@NR6
51095716,john34,_#u1T!m8gq
73473721,rachaelsmith,+0$CPVzqA)
25001738,lauren88,eF&c9YnV(m
65775845,reedjeffrey,3s+1nKGnhQ
54637706,danielallen,rvMUBTxC*1
32212066,ernestfreeman,^9(pHd1HLj
26703737,andersonmarissa,$$u3N_@jEW
88040922,jonathankennedy,u3ROtYu5*y
66353262,amberbrewer,&L3EOLb(A@
34887057,aaron07,n)8YE_q0!q
35503240,amberbutler,#&c6Lnzm3n
84369670,nrose,)31RgiZeWr
48840574,evelynnorman,xk#1JG6mT^
14406533,lekevin,_6!XSokNBE
41177470,natashacarpenter,0T_F&pgV^9
28362140,jholmes,^6cHUF6d)h
11192678,ycox,Mb%Av4Nc9p
17619065,david82,_J*u6UAboV
43252420,christinemartinez,VQ4+Nutl7+
32793747,heatherjones,l%uTrwB7+6
29400010,upatterson,#bbOub*v6V
13375476,amberpowell,+Um*Q$r_8@
98255810,petersonamy,!J6WvOqfX6
59562148,rhernandez,k0L#XTJG(j
75353706,dominguezgina,2gCcgJ^K+v
14243581,mbryant,m(9BTnk(FR
43646280,maryreynolds,Sf@487GoLh
76205371,jennifer68,&3JP6l8V^S
85533734,kaylagay,#Vdc6Ms*H8
41211719,erin52,7_Ty67TdIc
58694955,garyoconnor,!U0M308b$I
98559995,justinfrench,!!5eKQvoAr
87368557,michaelmorris,C8!$7ADvGe
39151621,erinherman,!JAdQfBu2n
23138392,michelle50,%f2Go@$Um0
49595534,lmckenzie,S^Q2dOCt)(
85571066,nancy41,ni4$PbTG)d
40992799,kenneth26,Y07PAgAA$a
71223892,desireedurham,y4gN@dLb&3
56500988,eric85,PB5M!J2a_O
47314122,hdavis,Iq!w4Owmm@
31204148,aaron06,_YQRdFlO!8
61241761,roblesjacob,o8APGH5@$%
89291924,andrewweaver,i7QSd%^i+8
30579124,alexfranklin,2+8qCwjwp1
29330793,kaylacarey,R%)6VdTeLl
50900596,amber87,blC$4Hatd_
34041989,xmartin,*1LFVA3v4U
77467391,stacykelley,b!A6IjaFt1
25336522,john99,%ezW2w(0r8
61389113,brenda11,(73OiEIw7+
65995239,michaelaochoa,3Q3CqNc1@@
53678246,wgreer,xJ5CcRyoe(
87582812,kimberly16,YbrC9DTu0*
75242114,lisa87,@8kXLsj6ML
49719907,zachary24,p6F(nbVX(V
29669564,darrell02,l(1hKmB2+z
60979325,hornerobin,@1zQ*Tq_By
60974922,ericperkins,090rAz@S#F
57581319,vhall,4i^6CFihEr
56672486,nhurst,%D%DRMXcf5
81645929,jeffreyjones,0yA5ogj4+a
40731981,tracygarcia,!j#kABhbA0
94586994,stevenssuzanne,#4SVMtpW%8
33851627,marquezandrea,s0Ppstso$r
81382545,davidharris,k@61EZ1rPJ
20018760,jessicamorris,!#Sb8Uk0SE
96138431,lucerojeffrey,epps1Niq%G
62505711,clarkjennifer,#Za&Wp&oH5
40946904,heather63,oYvVVnuM&3
63153006,hoganjamie,fe7DCeZl)3
36605696,mckenzienicholas,K3ih@cUh)j
39881776,kenneth01,LJ9PBerB_7
60442318,andrea45,DY3o0+awE+
86704799,wwebster,9_2K4zzk#j
23026784,ebryant,&Vv5lWMi$@
46905132,wayneleonard,^mi8HRKsw*
63768132,breed,ipRG#kyI$9
33646426,william79,_1JAeMNrsS
29323767,jonathan82,yT$4ZSCp*P
79299029,leslie16,iDTo7HCs%!
61401788,daniel71,)9uOn)UUli
94782073,amandathornton,Zm(z9T9q(5
63252252,emily54,_TH#3f8j9#
17151044,natalieharris,*@gEghaqZ1
68069541,devinmedina,+^89UxDy70
12361341,kirbynicholas,0Hn4F%z))@
10109363,coxhaley,#62ARWMhtQ
89403243,edwinwilliams,R&08mtMh@X
12747763,hannahperez,D38qGxTd^9
47449105,gonzalezzachary,*4*8Cll)14
46265867,amandaallen,17j9Hy)g_4
70401616,laurenleblanc,e4aA7Ii_$5
67989343,amber35,A$6C!LTeM)
35592211,prodriguez,!X^g2phwU$
44899616,skinnerjackson,+&2Y%mTet+
19714471,kevinshields,)08Ct#VvpD
73776242,lutzmeredith,OeOnEaod+5
56345774,rogerspence,&*&E+URq13
89255009,strongchloe,$uMRV)vHB7
84026816,ohorn,)&x^5LxnW_
21005554,gkaufman,J_b2IpvpDM
72500083,traci41,f9%8XAJu@G
43621144,sanchezolivia,)0YUx7mmoR
81418490,igarcia,@eVu!_DKS5
20304343,justin23,0v&3H2pa$A
20982033,xyork,&ibVQNozu0
27726967,vholmes,lj*J8MngcM
77038724,gaymorgan,!g20TJ!eD+
63129668,rebecca28,Q0#)azvu*W
59422443,melissa65,7tx6@Pbr*I
84970375,jdickerson,M3xK2pQB$j
24710959,williamsonamy,9eM7BvOu7@
62689578,rileynatalie,Q$94CJ_a81
85096293,stanleywalsh,H*5yN6zI8m
37174136,montgomerysandra,X!4Y5tbL0K
64854386,operry,02OJFEll#a
53302861,ashlee77,^R28TW8qqM
98932505,whiteheadalexandra,1sCp!gsK)O
88775436,jessica96,!pXxBUt#E2
97095535,uavila,_8Y0fJG5sh
26415291,johnle,qXV20kuFN!
62659123,gregory37,#7XoTY$Zn8
54982461,donna79,cYuS^1Rf@k
16791111,ghenderson,)@3qGW_b%+
93589698,sarah27,@IjBrKra@2
68718130,brendaholder,G@nFg4Cg@T
95161526,willisbrittany,a&1HhWFbYz
26230345,uwalker,@rXc1mRmq0
59134376,fredgalloway,*fmh2ZuS%8
28237293,robertmiller,^TWD^*0qs7
85070230,joshua33,e5P!ZlYW%1
39326340,avilaryan,cbp7GzHm*W
74116737,ecalderon,!6xCI$Nwxa
72029606,jacobfowler,0AX@@7FwrC
48580659,sally65,%8J7DzoJa#
35419413,iprice,*+4PkWQtBv
83770223,john65,xweKP0Jw+x
94925508,merrittmichelle,%WEwFeiP0Y
71822717,wrightmark,V)f2TfMl77
56857245,ymoore,*2y7$*Ws^+
69116553,brucesilva,T(T7wM2daN
77855760,mrice,KZR&K0TeQj
85317295,lisa26,v0YVp9D+*a
33936129,yjohnson,Z3jOjRa+!w
83745269,jeremy72,@3dyNE33(k
78709145,adam91,GQUM9Khu(X
38956651,thansen,RZ9kCOCp+e
86717219,boltonjoshua,CD7hOQzj#d
34538591,reyesdavid,u_%JmBXu#0
36443158,claudiabell,PZOP8UzU(5
76531475,bakermartha,05%DOIna%q
76522703,martinezmelissa,5LB_w7Edk8
30555507,patrick55,i39Cv(ny^4
60607749,wilsonjames,E3L&HV0@(s
33132830,spatrick,b^ug6V1%Sx
49334690,lwilson,#C63Xsi(D7
45609091,staceyjordan,C*o6On^p6)
15191169,daniel50,B%H#1Rx6IQ
65820197,hmejia,8r6HNCjV9)
51844113,yoderpenny,ws%$9GBfJW
36771399,robinblake,#BeYqmMmW4
17192799,weberheidi,_m6FQqd#8d
95533525,longmarcus,mPTD(_V_(2
18126447,lwheeler,+9#MxQUb@4
74750037,jorozco,%386ZEqQF5
41525856,saracox,B8C4szZV_U
95673584,vmartin,ZtZf32n3(2
98437030,amiller,^HTYQmk324
50277620,oflores,#a6HGy*gZ2
26047834,edwardgraham,_Yqa1hUz3k
47908462,vasquezjesse,7vyYBj+e*k
77601940,vickibrown,^75tmWh8ma
61252497,patrick03,CGCA4Q_m$s
15116917,scott32,p7$3X6Mo)&
42055686,kathleenwilliams,^*zZApJq9z
70779837,pjohnston,^He@4TWkb6
43259002,lindsey31,i9DbtMm!^7
31998142,kjoseph,N_dJ2XgcZ3
49080769,davidmartinez,B1gMvXnT+t
82510231,brooke45,csBnUS3K#6
48167168,katelynwells,I^3ODipbq(
75288575,qanderson,kTsTBdC3&2
27956853,kellis,S#&5kZWy22
85069259,zlawrence,#6AL_ZgOiK
56937220,laurengentry,)k3S45q4CM
51838699,ustout,9S_uIka))4
56331901,romanzachary,39moIBRb$9
94129853,oliverholly,88BrV9g)*Y
19041045,jason37,^8EV8EC#cU
23175902,kimberly08,I6sIRAa++4
36239497,wileymichael,#I9IFoYo&^
83990957,jgreer,76CqI(Mb_j
38635817,nancy45,i5eWyQ@x&z
46881303,warrenjoseph,8U_8WnQw$@
74163798,austinroberts,%mbJw55mg2
20404464,laurenberry,O42IpCf9#r
15314877,tina37,$)DC51sA96
52579687,hphelps,%9c+1PsU&f
89476713,harmonkristen,_C_uQBk8l2
79312490,scottsophia,&q3acKp)!e
92319799,blackjennifer,sv+g17U^1!
31420077,agibbs,9b98Nx^K$i
34298676,taylorjonathan,_r4WaH*L#z
18357369,ashleyjeffrey,#24*XJbaff
25071508,bradleytimothy,Lg3$oNytF!
70356055,allison76,$@_7WtTdWr
56917661,kcollins,66Xs^%4B#_
52792261,kimberlyjordan,*YM8CS&j@9
11424256,larsonnicholas,^1WU5Vg6X8
61683732,marissa07,0tM$lAff!w
14263524,jacobsonronald,i+5KmcA#vu
28250915,pbrown,K%9T$%3p@)
53446923,davischristopher,0GNLaK7k+M
54846056,teresa37,%!hACpLWg4
20906038,sanchezpamela,o85xtiAi_V
14505604,wpham,$IG7IIQwuQ
27090605,obrown,&fMtam@V78
42345646,ugoodwin,^4N&Icny_9
79593563,gedwards,+SQR3OtyYP
78761311,rogerschristopher,P9JKhI3n(y
10867485,iarnold,S2%6Ni0oe3
69781790,nbrown,r7qs5NYy7%
58314024,patelcathy,#39iARZtzG
42664894,michaelortega,)y2P%yCn$B
88820978,tiffany73,+0HjW%F^u0
12825915,byrdkathryn,I9&BHwmf!T
63710585,kimjohn,!J4p18Zsrw
17947064,tiffany33,Gi3Un3v@%3
99088787,kelsey09,$s5Rdqip02
51153822,beckernathan,9(T852Su@z
83165291,sara34,*8DG1Cc((*
52667692,samantha50,i2e45TkgZ&
56265333,gabrielle86,^KEli+tf6%
47829487,kimberlyrussell,*XJ3*Mpg5O
96308592,tracey81,G&7WdaNf*G
73540517,mezapeter,99ZdcZcz!g
94784041,perrykristopher,%f5WthcLf&
32210708,chasesheryl,!u^2PAf_YH
29026713,smiller,Uhxt8yQd@_
63645370,ljennings,@2DfC%s$ex
65257740,ernest83,LT8FUG&a*+
64377130,davidherrera,K1aVyEGn^j
39067483,harrelleric,249tZgonF*
29232766,cmacdonald,#pNSZfbsL6
71924265,rgarza,@I@Musukp7
78685453,malvarado,_Gue3NmpF1
79563617,yherrera,i_A9FclX(b
88996388,sosaashley,sf@2QuJuiR
21459092,ruizdaniel,Wc&dELtK@0
82187968,tranmelissa,42pPihwl^A
76881775,jason63,qy9r2Lqja@
39261204,teresalee,6!PAzTDyC3
27860804,andrea65,u3iXzZbW%k
26983569,danielleperez,@Yg92GaT$@
14280948,thaley,Orx!5eY63+
94643709,johnjackson,4Jtw$qa9H%
84084524,karen04,F(weEIlD&3
60490447,allison88,(iOcMXD$*7
36727208,jlawson,CPl6UbhJ3@
92479085,alexandrasmith,PB8Iu1yG(^
97740747,rreeves,*ZgrID0v53
41414162,reginawilson,v5A^7GmIo@
57080747,cervantesheather,@N4Baw8h!&
80432766,megan63,r$86RSrxd9
28714383,gregory04,!yMfYCE989
79248843,scottreynolds,7e!6tKms*A
30717989,shawn31,!6OhNFXvW7
12411900,hensleytravis,O*K3ETrITT
17620125,christiantaylor,ddgCMW%5&8
49591292,wryan,14xWaUgj_&
12351387,marvinsilva,!9!EboOE5R
75833158,nicolerodgers,00lQgEf7(t
94715354,gwagner,bl6Cnxph+a
17458195,juarezlawrence,vrKDeP2s%7
84728722,laurawagner,w21VpbnTf&
51356694,acarr,4dmXyy6q)9
97063768,johnathan97,7_5WKe+yUT
54314650,amber98,)$5FTY6dI)
99053129,rick57,_4RZN)oz_e
64081015,kennethrich,R1DbO2k6#4
35192068,alyssa37,+68PznVqmh
56592450,greeves,$8sGix6li3
68122470,janetsmith,6F7DTts6#*
10784516,grace15,9veSy_FN@u
80231721,dunncory,%oP5WVgh+B
13302555,calebmarshall,5)M17Va9oF
16391142,youngtimothy,#D2NRKk1wz
78533733,mitchellashlee,#%9GYRsy32
82955191,corey40,Q%e3MNwbSI
79254883,lduke,^zhD3TGc8*
73330983,petersonjames,m_y5Eii2I2
97268546,grant44,z%Sz5SNo(o
55120626,james06,)$n7kPnsSu
10163135,riveradaniel,hiA_JPbN%0
53189483,stephentorres,d4&DCF@x%%
67666133,chenkristy,(+XVXzQZ76
42723011,fallen,5YF#^c$u%2
55301472,ayalajoseph,l6Ci1BQd@!
43078754,pameladawson,!)81KczT)w
39480331,toddrivera,&Kv8ArUH9Q
62584932,herrerasarah,&NtE(lVxI1
89748714,courtneygriffin,)LM9XziY9y
29582997,diane15,&TFkcCih0R
41282283,phart,CwMfzH(a#3
37950155,joshua69,w&11LGD1ar
75494936,lindascott,a_V%5Qtf@2
44416432,floresjennifer,z1(7pFYx+h
45847922,steven65,u5k62YCh^F
68897524,sarasanchez,qZ%bR3yiV&
32032916,christophermartinez,MvC7%uRdK@
94164168,efarmer,tl8cBi&d$a
46979498,klee,*e91EeHo(^
65888838,woodselizabeth,ET*4RXqpPV
16559272,wisewilliam,LYQ8tcRm!3
97463383,ballardteresa,)@4_TGRgxt
60396932,anthony13,GW70ePNu!$
17232416,pacosta,&+3Bq)xx7b
27953876,middletonalexandra,*q(69Yor2&
94157570,pdixon,+zJI4aChiW
73759046,kayla46,Ja1M(tas#6
51846785,cherylwhite,pl^QQxyf%1
49847824,mileselizabeth,i$ts#7Bi@3
53182493,chelsea82,W5MyT)lE$R
49631136,martinezrodney,#g$SxrAPr8
71160744,xdavila,_0s2sJkcE^
91029083,harmondonna,b(9SSJ6kIp
28309967,johnmccormick,HlE5MfDi_X
79542810,mholt,(or1X^Is5)
43205995,qtodd,**i3Cg3j2r
32289466,bakerjoshua,$!v6TtmK4b
91332035,yporter,m!1qEItABQ
18644640,jennifermay,Lgq7&0Ug12
82837244,justin70,G_6KjkdJ_r
52903331,rblackwell,p@y8Ikr%M*
40905905,lhorton,Hb3)fQB&R$
24455735,tylertate,%4vBQ$+rT8
78210878,lorettaharris,@pOBw2^o2c
96240207,sandrawhite,#x!Ue&Tqn0
39565404,spencerlisa,#_(8DNWz%$
99231169,kevin54,n9bPlBrg%t
93140117,udeleon,!vunRDnpc9
41430745,ricky85,#soc8Tia_G
36870918,sarahmiller,$4lQwVuv&O
94203667,grantkevin,K05CZYVd%5
10368669,andradejared,hz7^xS1i#6
25946464,hgonzales,$2)vNYVr3@
15207558,debrasandoval,)dYrrKjP1u
82915756,brucesmith,lD!3AkGgP4
92550770,annajohnson,(M0%Tl6jm*
62814639,nmcclain,q6jfrLQU#l
24174886,carterwilliam,q#8Ptnoe$6
76643261,travisortiz,(hSHnTgu85
99173347,rvasquez,&spQNLw&#7
66274786,jennifermcfarland,4F)8vOdv*G
61303871,xcraig,xUGGzbZ0@4
74243589,neallinda,2qbL5IsLs^
67095873,harrismelanie,h5ECJ)Ur_Y
96056346,yrivera,+0UpPe_02x
45771412,wcolon,^m+n6Q)bYY
22734283,justin57,QkHB7Qf)7&
80895948,keithpowell,$5Ni41Y9@#
12977838,bmedina,)B72C3Trg&
73591946,jenniferhudson,)9bUIL6r2%
28603756,ipetty,B90NRg8G)!
42784235,colekevin,+0CNGFKtkH
92115697,paulyoung,5S^5XaA#V8
15693693,eric68,$6FLJBhqqc
13973790,adriennewright,h@3olWYj1%
33867956,warcher,#3SSsKCwCN
34514905,sethkelly,S5cAOVwt%@
41393999,williamselizabeth,@)^1pBHvv9
69450593,gadams,*#41l_BjKl
48344593,sherrybrooks,xfI_UQFv*3
93625023,vgonzalez,R2bLYeml*L
79803357,jason50,g6J0GDCw&4
52965771,jasonhernandez,wvu77MNRb@
27588855,daisyharris,#6FMszl4Ss
51843098,denisegibson,$0i(jCJyNA
84081483,nancy96,6n&Qjj07^T
86910647,kyle42,%AdSVO^mb4
65982922,amy41,((Fo9Ers1l
35377110,rhansen,Z)WY10TWTl
40589978,tannermitchell,Cg+7hUjJl&
58723379,katherine41,141CvYPQ&a
71414993,ocross,5p8FJFoO7)
61720652,nancycastro,*NK8Sb4YH8
64231867,dtaylor,#2yNRv#nrp
56101395,ocrawford,&A95@jZi&i
27476939,anthony56,1+%0HyRvtM
89723621,rfuller,cG4$ZwzO^X
96032495,jcole,7E2UsOx0^7
10150769,michael32,51vWK8JZ%s
18465593,chad18,$WLYLP8d39
56466149,schneiderbryan,!PjDlaeU8#
78131648,egallagher,$!M%2J(s1I
67851753,brooke73,_%3D12^kxh
21687123,hannah65,+!#0LUlEez
38790610,robert16,M)1VdFk*)u
59728343,cheryldoyle,ms+aF0RaCU
30929361,mistyjimenez,_1JAnr4N@p
87895729,fischerheather,tXTnlSa(&7
62765213,djones,g$P3zLMl(a
97250438,mariathomas,!8O(qrKc_o
47203781,jhebert,H%LfD6Eaxw
70352915,jonathan22,)0OqZFeq^F
81915611,nolanseth,!M9#SLle0L
47876215,ronald31,v59tGTyHW%
10331527,gsullivan,3&h9iQnwsw
74309954,lisaalvarado,M@9H4$HccX
36133345,qgonzalez,6*1SHmoUAM
61531342,todd65,rP84EQXn+w
87498589,smitchell,$#6VQuoec#
63960261,phillipsnancy,_!Ctw!4F2V
79647777,jamesmoss,#9vPxcVQOE
69410947,catherine59,6nwIVu6l$y
14803526,lisawagner,F%9GTDEh_2
53134166,nancywest,LH#8qMj4yY
10577980,fjames,x6F@jL7o&T
47030489,castrosuzanne,m3Sbv(1)(3
96038684,davistheresa,#(2HWuj%uS
39195166,sarahsmith,6^6TOlfi5+
92202913,christopher36,#V1AU+kmvX
46941336,calvinjuarez,i*HCdDQc&0
38989814,phunter,)4Xie3E_q8
10825657,markli,0em!6RTqjs
23120602,rsimpson,cG2(FyUc_z
76813755,daniellee,iF2TL57sM!
88488892,jacksonkatie,fe!^4sUbOO
46786116,donnareynolds,q5%V5HTw!K
51778327,pearsonkaren,+cIv9k7#A9
22162613,xgonzalez,&9Mi0Iue&+
17890055,james59,xBG1J#_ca#
71347131,robertthomas,8OTdpbUL&r
22410923,harveyjoseph,PBN63kBd)s
99331733,jaredmorris,^E1aWdQGw*
72462721,dadkins,w(880DEv(3
44779294,linda62,V$4GxyAoCv
93889877,reyesmatthew,*sylrSMQ4D
80130998,pacepamela,*_V7rHpK6!
95683418,reginamendoza,5CKeCNwG*j
74708867,christinamcbride,t$$1Al&1G)
68949615,colesmith,#8BEztl3)4
95517988,xsmith,h&0FrCMfC(
47170428,kathrynrosario,^^4DYDml_p
42662516,zcordova,%IJ34AOjJ^
66437307,gscott,_IVeLyhiM3
19448664,robert30,S_0Xxv$R6f
36427225,adamthompson,$pu&gnWU^6
22442763,roger22,0PHlAqs2!8
58367353,chad32,4vZx8H7k#X
63408870,spencersimmons,t#A5IMkmle
56872900,aarongonzalez,M4G&QTpr#J
73071239,monica76,&YZJ9TvrL6
69253224,twilliams,4T!WY&lH+D
45644834,ldaniels,@WD0aQoOB+
73700923,gharrison,eouC2Nlo^q
34746180,mindy25,M)%4NsZRi6
66241111,abaldwin,JgC0AH+Ar_
58579028,emilymcdowell,sp02YlDgZ#
93780909,leemelissa,mK6BhqABU&
17074162,matthew82,R_y1pNrfH_
57414518,laurawhite,Z@9J#WEjqc
80997782,samanthanorris,$MElSi+d3*
45559869,goodwincaitlin,&T9FsDapjF
28214706,kimberly75,yA82Ovf4&0
65211663,tarakaufman,8$A02Ha8(C
12504156,lucasbrittany,$#4*BApakQ
33336596,ophillips,A_5tRzdy_u
47872955,annettestephens,07WS$VJa)I
82966914,francisbrandon,!UqHgTSc80
77322451,joseph55,ju2JOl^Ac)
78999513,muellervictoria,_gX#^H^ww8
58374266,devinthomas,^PHo%4Xcor
42947803,carolgonzalez,7@O9!KyckU
75319108,sandra91,&*3rPj(3lT
72952215,christucker,g#6LVEwgD(
91475786,carrie61,(gLLI#$a6N
62453430,jill51,72jm7uAk^D
92469004,krausesteven,9#2E*j5mos
60878823,jenniferlloyd,&J9Ol#l&42
22261302,danielmarsh,xY5LRpgK()
92473738,joshuarodriguez,*21fRsrRl&
16800832,mariahjohnson,+^TmOpZC57
17815951,ramseyjessica,rO9DRwHp@9
79952572,uhooper,t6OM_*uo!C
59280139,catherine28,)*6SSaken&
24080494,stephaniemeyer,n#3QK+n+XC
53074845,debra49,(rIHrLq6@2
34988877,qestes,i)9XSOOic#
45153434,tomgreene,wD6@0Nr4)^
39284478,lisajacobs,P1!#4gOxSh
85462654,gabriel14,E6eoWEq9+T
88295242,taylordebbie,@CFHArtJJ5
80307596,daniel01,$8J)Nvidzd
10317281,grant06,$0a5VkaviI
79162489,wjackson,Ix3nNTwsR)
14960269,umelton,b3I5KNHt(2
41841310,jthompson,%tAvi3Yqp(
81243576,sherri55,+9OdJ00Q*q
71593086,tracysummers,r9vVbWia#2
10420932,sanchezpaula,_o3SJWbys&
31101998,vdillon,$+7_CoyZHJ
79917095,fsullivan,&s6LUg8xTE
59476640,ddunn,0%8MWjk6D&
45977356,josephbrown,$0o7nOjq6#
65339147,katherinesnyder,H2Z!$X$s&4
40959994,dawnday,hUg2SexE&J
65869176,mtucker,O#P#4NIg7A
85387813,camerondonna,E_9!Bft)W#
72063294,sstevens,^EOJ5yHWC9
66407406,jacob38,_6SOTkbOq)
68295403,fwilson,f0fBdasm*n
81553650,ramirezandrew,)+8Dy8(if)
